Titre;Prix;Dimension;Photo 1;Photo 2;Photo 3;Photo 4;Photo 5;Photo 6
La Brasserie;47,00 €;31x25 cm;Brewery 1;Brewery 2;Brewery 3;Brewery 4;;
La Forge;15,00 €;15,5x17,5 cm;Forge 1;Forge 2;Forge 3;;;
la Maison;38,00 €;18x19 cm;House 1;House 2;House 3;House 4;;
Le Bastion;154,00 €;33x34x30 cm;Stronghold 1;Stronghold 2;Stronghold 3;Stronghold 4;;
La Tour , Coin;44,00 €;17x17 cm;Tower Corner Floor 1;Tower Corner Floor 2;Tower Corner Floor 3;Tower Corner Floor 4;;
La Tour;37,00 €;13x14 cm;Tower 1;Tower 2;Tower 3;Tower 4;;
Les Murs Nains Base;9,00 €;5x10 cm;Walls 1;Walls 2;Walls 3;Walls 4;;
Les Murs Nains Coin;19,00 €;14x14 cm;Walls 1;Walls 2;Walls 3;Walls 4;;
Les Murs Nains Entrée Porte;9,00 €;6,5x10 cm;Walls 1;Walls 2;Walls 3;Walls 4;;
Les Murs Nains Porte;0,70 €;5x9cm;Walls 1;Walls 2;Walls 3;Walls 4;;
Les Murs Nains Escalier;14,00 €;10x10 cm;Walls 1;Walls 2;Walls 3;Walls 4;;
Les Murs Nains Bloc Droit A;8,50 €;13x12 cm;Walls 1;Walls 2;Walls 3;Walls 4;;
Les Murs Nains Bloc Gauche B;7,00 €;10x10 cm;Walls 1;Walls 2;Walls 3;Walls 4;;
